Cantidad de conjuntos, medicion progamacion lineal normal, medicion programacion aproximada, valor normal, valor_aproximado, Mayor elemento, r(I)
10,0.5192747116088867,1,1,1,1,1.0
20,1.099766731262207,1,1,1,1,1.0
30,1.4911963939666748,1,1,1,1,1.0
40,1.7947652339935303,1,1,1,1,1.0
50,2.2795517444610596,1,1,1,1,1.0
60,2.9271886348724365,1,1,1,1,1.0
70,4.047867059707642,1,1,1,1,1.0
80,4.387833595275879,1,1,1,1,1.0
90,4.600687265396118,1,1,1,1,1.0
100,6.68772292137146,1,1,1,1,1.0
200,10.75884222984314,1,1,1,1,1.0
500,1753.1353154182434,1,1,1,1,1.0
1
910
1819
2728
3637
4546
5455
6364
7273
8182
9091
10000