Cantidad de conjuntos, valor normal, valor_aproximado, Mayor elemento, r(I)
10,2,4,250,2.0
20,3,8,295,2.6666666666666665
30,3,11,295,3.6666666666666665
40,4,9,297,2.25
50,5,19,278,3.8
60,4,17,293,4.25
70,6,18,295,3.0
80,5,20,295,4.0
90,7,24,299,3.4285714285714284
100,6,22,299,3.6666666666666665
200,10,15,299,1.5
500,14,47,300,3.357142857142857
