Tamaño de archivo, medicion progamacion lineal normal, medicion programacion aproximada, Mayor elemento, r(I)
10,4,8,48,2.0
20,7,16,49,2.2857142857142856
30,9,24,50,2.6666666666666665
40,11,29,49,2.6363636363636362
50,13,33,49,2.5384615384615383
60,14,41,50,2.9285714285714284
70,14,45,50,3.2142857142857144
80,17,49,49,2.8823529411764706
90,21,52,50,2.4761904761904763
100,20,54,50,2.7
200,28,87,50,3.107142857142857
500,46,131,50,2.847826086956522
