Tamaño de archivo, medicion progamacion lineal normal, medicion programacion aproximada, Mayor elemento, r(I)
5,3,3,6,1.0
7,2,2,9,1.0
10,4,4,9,1.0
15,4,9,8,2.25
20,6,15,9,2.5
25,6,6,9,1.0
30,6,10,9,1.6666666666666667
35,7,14,9,2.0
40,6,6,9,1.0
45,7,14,9,2.0
50,7,12,9,1.7142857142857142
60,9,17,9,1.8888888888888888
75,7,14,9,2.0
80,10,23,9,2.3
90,8,11,9,1.375
100,9,15,9,1.6666666666666667
